Workbook
Name TIPO_OBJETO: listas!$A$2:$A$8

Sheet Objetos
A1: ESTADO | B1: DESCRIPCION | C1: NOMBRE TECNICO | D1: TIPO OBJETO | E1: SIGLA TIPO OBJETO | F1: PAQUETE | G1: RUTA
B2: Medición Digital | C2: Medición Digital | D2: CARPETA | E2: =IFERROR(VLOOKUP(D2,listas!$A$2:$B$8,2,0),"") -> Folder | F2: =_xlfn.CONCAT(E2," ",C2) -> Folder Medición Digital | G2: Bussines Inteligence/Tableros/Medición Digital
B3: Medición Digital Facebook e Instagram | C3: 01_LT_AWS_MEDICION_DIGITAL__01 | D3: TABLA LOCAL | E3: =IFERROR(VLOOKUP(D3,listas!$A$2:$B$8,2,0),"") -> LT | F3: =_xlfn.CONCAT(E3," ",C3) -> LT 01_LT_AWS_MEDICION_DIGITAL__01 | G3: Bussines Inteligence/Tableros/Medición Digital
B4: Medición Digital Facebook e Instagram | C4: 02_DF_AWS_MEDICION_DIGITAL_01 | D4: DATAFLOW | E4: =IFERROR(VLOOKUP(D4,listas!$A$2:$B$8,2,0),"") -> DF | F4: =_xlfn.CONCAT(E4," ",C4) -> DF 02_DF_AWS_MEDICION_DIGITAL_01 | G4: Bussines Inteligence/Tableros/Medición Digital
B5: Medición Digital Tik Tok | C5: 01_LT_AWS_DIGITAL_TIKTOK_01 | D5: TABLA LOCAL | E5: =IFERROR(VLOOKUP(D5,listas!$A$2:$B$8,2,0),"") -> LT | F5: =_xlfn.CONCAT(E5," ",C5) -> LT 01_LT_AWS_DIGITAL_TIKTOK_01 | G5: Bussines Inteligence/Tableros/Medición Digital
B6: Medición Digital Tik Tok | C6: 02_DF_AWS_DIGITAL_TIKTOK_01 | D6: DATAFLOW | E6: =IFERROR(VLOOKUP(D6,listas!$A$2:$B$8,2,0),"") -> DF | F6: =_xlfn.CONCAT(E6," ",C6) -> DF 02_DF_AWS_DIGITAL_TIKTOK_01 | G6: Bussines Inteligence/Tableros/Medición Digital
B7: Medición Digital Facebook e Instagram | C7: 02_DF_AWS_DIGITAL_INS_FACE_01 | D7: DATAFLOW | E7: =IFERROR(VLOOKUP(D7,listas!$A$2:$B$8,2,0),"") -> DF | F7: =_xlfn.CONCAT(E7," ",C7) -> DF 02_DF_AWS_DIGITAL_INS_FACE_01 | G7: Bussines Inteligence/Tableros/Medición Digital
B8: Medición Digital Tik Tok Consolidado | C8: 02_DF_AWS_DIGITAL_TIKTOK_CONSO_01 | D8: DATAFLOW | E8: =IFERROR(VLOOKUP(D8,listas!$A$2:$B$8,2,0),"") -> DF | F8: =_xlfn.CONCAT(E8," ",C8) -> DF 02_DF_AWS_DIGITAL_TIKTOK_CONSO_01 | G8: Bussines Inteligence/Tableros/Medición Digital
B9: Medición Digital Tik Tok, Facebook e Instagram | C9: 01_LT_AWS_DIGITAL_INS_FACE_TIK_01 | D9: TABLA LOCAL | E9: =IFERROR(VLOOKUP(D9,listas!$A$2:$B$8,2,0),"") -> LT | F9: =_xlfn.CONCAT(E9," ",C9) -> LT 01_LT_AWS_DIGITAL_INS_FACE_TIK_01
B10: Medición Digital Tik Tok Consolidado | C10: 03_SV_AWS_DIGITAL_TIKTOK_01 | E10: =IFERROR(VLOOKUP(D10,listas!$A$2:$B$8,2,0),"") | F10: =_xlfn.CONCAT(E10," ",C10) -> 03_SV_AWS_DIGITAL_TIKTOK_01
B11: Medición Digital Tik Tok, Facebook e Instagram | C11: 04_MA_AWS_DIGITAL_TIKTOK_01 | D11: MODELO ANALITICO | E11: =IFERROR(VLOOKUP(D11,listas!$A$2:$B$8,2,0),"") -> AM | F11: =_xlfn.CONCAT(E11," ",C11) -> AM 04_MA_AWS_DIGITAL_TIKTOK_01
E12: =IFERROR(VLOOKUP(D12,listas!$A$2:$B$8,2,0),"") | F12: =_xlfn.CONCAT(E12," ",C12)
E13: =IFERROR(VLOOKUP(D13,listas!$A$2:$B$8,2,0),"") | F13: =_xlfn.CONCAT(E13," ",C13)
E14: =IFERROR(VLOOKUP(D14,listas!$A$2:$B$8,2,0),"") | F14: =_xlfn.CONCAT(E14," ",C14)
E15: =IFERROR(VLOOKUP(D15,listas!$A$2:$B$8,2,0),"") | F15: =_xlfn.CONCAT(E15," ",C15)
E16: =IFERROR(VLOOKUP(D16,listas!$A$2:$B$8,2,0),"") | F16: =_xlfn.CONCAT(E16," ",C16)
E17: =IFERROR(VLOOKUP(D17,listas!$A$2:$B$8,2,0),"") | F17: =_xlfn.CONCAT(E17," ",C17)
E18: =IFERROR(VLOOKUP(D18,listas!$A$2:$B$8,2,0),"") | F18: =_xlfn.CONCAT(E18," ",C18)
E19: =IFERROR(VLOOKUP(D19,listas!$A$2:$B$8,2,0),"") | F19: =_xlfn.CONCAT(E19," ",C19)
E20: =IFERROR(VLOOKUP(D20,listas!$A$2:$B$8,2,0),"") | F20: =_xlfn.CONCAT(E20," ",C20)
E21: =IFERROR(VLOOKUP(D21,listas!$A$2:$B$8,2,0),"") | F21: =_xlfn.CONCAT(E21," ",C21)
E22: =IFERROR(VLOOKUP(D22,listas!$A$2:$B$8,2,0),"") | F22: =_xlfn.CONCAT(E22," ",C22)
E23: =IFERROR(VLOOKUP(D23,listas!$A$2:$B$8,2,0),"") | F23: =_xlfn.CONCAT(E23," ",C23)
... E72: =IFERROR(VLOOKUP(D72,listas!$A$2:$B$8,2,0),"") | F72: =_xlfn.CONCAT(E72," ",C72)
E73: =IFERROR(VLOOKUP(D73,listas!$A$2:$B$8,2,0),"")
E74: =IFERROR(VLOOKUP(D74,listas!$A$2:$B$8,2,0),"")
E75: =IFERROR(VLOOKUP(D75,listas!$A$2:$B$8,2,0),"")
E76: =IFERROR(VLOOKUP(D76,listas!$A$2:$B$8,2,0),"")
E77: =IFERROR(VLOOKUP(D77,listas!$A$2:$B$8,2,0),"")

Sheet Hoja2
A1: 6863 | B1: 8268 | C1: 8463 | D1: 12642 | E1: 6651 | F1: 5115 | H1: 48002 | I1: 11646 | J1: 11825 | K1: 46898 | L1: 33959 | N1: 11156 | O1: 11156 | P1: 1154 | Q1: 135 | R1: 4963 | S1: 862 | U1: 33
A2: 1704 | B2: 1955 | C2: 1924 | D2: 2907 | E2: 1512 | F2: 1154 | H2: 11156 | I2: 2666 | J2: 2666 | K2: 11156 | L2: 7497 | N2: 135 | O2: 397 | P2: 16 | Q2: 397 | R2: 5119 | S2: 1541 | U2: 2666
A3: =+A1/A2 -> 4.0275822 | B3: =+B1/B2 -> 4.229156 | C3: =+C1/C2 -> 4.3986486 | D3: =+D1/D2 -> 4.3488132 | E3: =+E1/E2 -> 4.3988095 | F3: =+F1/F2 -> 4.432409 | H3: =+H1/H2 -> 4.3027967 | I3: =+I1/I2 -> 4.3683421 | J3: =+J1/J2 -> 4.4354839 | K3: =+K1/K2 -> 4.2038365 | L3: =+L1/L2 -> 4.5296785 | N3: =+N2/N1 -> 0.012101112 | O3: =+O2/O1 -> 0.035586232 | P3: =+P2/P1 -> 0.013864818 | Q3: =+Q2+Q1 -> 532 | R3: =+R2+R1 -> 10082 | S3: =+S2+S1 -> 2403
Q4: 11156 | R4: 11156 | S4: 2666
Q5: =+Q3/Q4 -> 0.047687343 | R5: =+R3/R4 -> 0.90372894 | S5: =+S3/S4 -> 0.90135034 | U5: =+U1/U2 -> 0.012378095

Sheet Orden Paquetes
B1: PAQUETE
A2: 1- | B2: LT 01_LT_DP_ORGANIZER_TEXT_01 | C2: Exportado
A3: 2- | B3: DF 01_DF_DP_ORGANIZER_TEXT_01 | C3: Exportado
A4: 3- | B4: Folder Bienestar | C4: Exportado
A5: 4- | B5: GV 03_GV_DP_BIENESTAR_01 | C5: Exportado
A6: 5- | B6: AM 04_MA_DP_BIENESTAR_01 | C6: Exportado

Sheet listas
A1: TIPO OBJETO | B1: SIGLA OBJETOS
A2: TABLA LOCAL | B2: LT
A3: DATAFLOW | B3: DF
A4: CARPETA | B4: Folder
A5: GRAFICAL VIEW | B5: GV
A6: MODELO ANALITICO | B6: AM
A7: TABLA REMOTA | B7: RT
A8: SQL VIEW | B8: SV
