Workbook
Name TIPO_OBJETO: listas!$A$2:$A$8

Sheet Objetos
A1: DESCRIPCION | B1: NOMBRE TECNICO | C1: TIPO OBJETO | D1: SIGLA TIPO OBJETO | E1: PAQUETE | F1: RUTA
A2: Estudiantes vs Ingreso | B2: Estudiantes vs Ingreso | C2: CARPETA | D2: =IFERROR(VLOOKUP(C2,listas!$A$2:$B$8,2,0),"") -> Folder | E2: =_xlfn.CONCAT(D2," ",B2) -> Folder Estudiantes vs Ingreso | F2: Bussines Inteligence/tableros/entradas vs control acceso
A3: Ingreso Estudiantes Pregrado Presencial | B3: Ingreso_Estudiantes_PregraPresen | C3: CARPETA | D3: =IFERROR(VLOOKUP(C3,listas!$A$2:$B$8,2,0),"") -> Folder | E3: =_xlfn.CONCAT(D3," ",B3) -> Folder Ingreso_Estudiantes_PregraPresen | F3: Bussines Inteligence/tableros/entradas vs control acceso
A4: Ingreso Estudiantes Pregrado Presencial | B4: 01_LT_DP_IngresoEstudiantes_01 | C4: TABLA LOCAL | D4: =IFERROR(VLOOKUP(C4,listas!$A$2:$B$8,2,0),"") -> LT | E4: =_xlfn.CONCAT(D4," ",B4) -> LT 01_LT_DP_IngresoEstudiantes_01 | F4: Bussines Inteligence/tableros/entradas vs control acceso/Control Acesso
A5: Ingreso Estudiantes Pregrado Presencial | B5: 02_DF_DP_IngresoEstudiantes_01 | C5: DATAFLOW | D5: =IFERROR(VLOOKUP(C5,listas!$A$2:$B$8,2,0),"") -> DF | E5: =_xlfn.CONCAT(D5," ",B5) -> DF 02_DF_DP_IngresoEstudiantes_01 | F5: Bussines Inteligence/tableros/entradas vs control acceso/Control Acesso
A6: Estudiantes vs Ingreso | B6: 03_SV_DP_Estudiantes_vs_Ingreso_01 | C6: SQL VIEW | D6: =IFERROR(VLOOKUP(C6,listas!$A$2:$B$8,2,0),"") -> SV | E6: =_xlfn.CONCAT(D6," ",B6) -> SV 03_SV_DP_Estudiantes_vs_Ingreso_01 | F6: Bussines Inteligence/tableros/entradas vs control acceso
A7: Estudiantes vs Ingreso | B7: 04_AM_DP_Estudiantes_vs_Ingreso_01 | C7: MODELO ANALITICO | D7: =IFERROR(VLOOKUP(C7,listas!$A$2:$B$8,2,0),"") -> AM | E7: =_xlfn.CONCAT(D7," ",B7) -> AM 04_AM_DP_Estudiantes_vs_Ingreso_01 | F7: Bussines Inteligence/tableros/entradas vs control acceso
D8: =IFERROR(VLOOKUP(C8,listas!$A$2:$B$8,2,0),"") | E8: =_xlfn.CONCAT(D8," ",B8)
D9: =IFERROR(VLOOKUP(C9,listas!$A$2:$B$8,2,0),"") | E9: =_xlfn.CONCAT(D9," ",B9)
D10: =IFERROR(VLOOKUP(C10,listas!$A$2:$B$8,2,0),"") | E10: =_xlfn.CONCAT(D10," ",B10)
D11: =IFERROR(VLOOKUP(C11,listas!$A$2:$B$8,2,0),"") | E11: =_xlfn.CONCAT(D11," ",B11)
D12: =IFERROR(VLOOKUP(C12,listas!$A$2:$B$8,2,0),"") | E12: =_xlfn.CONCAT(D12," ",B12)
D13: =IFERROR(VLOOKUP(C13,listas!$A$2:$B$8,2,0),"") | E13: =_xlfn.CONCAT(D13," ",B13)
D14: =IFERROR(VLOOKUP(C14,listas!$A$2:$B$8,2,0),"") | E14: =_xlfn.CONCAT(D14," ",B14)
D15: =IFERROR(VLOOKUP(C15,listas!$A$2:$B$8,2,0),"") | E15: =_xlfn.CONCAT(D15," ",B15)
D16: =IFERROR(VLOOKUP(C16,listas!$A$2:$B$8,2,0),"") | E16: =_xlfn.CONCAT(D16," ",B16)
D17: =IFERROR(VLOOKUP(C17,listas!$A$2:$B$8,2,0),"") | E17: =_xlfn.CONCAT(D17," ",B17)
D18: =IFERROR(VLOOKUP(C18,listas!$A$2:$B$8,2,0),"") | E18: =_xlfn.CONCAT(D18," ",B18)
D19: =IFERROR(VLOOKUP(C19,listas!$A$2:$B$8,2,0),"") | E19: =_xlfn.CONCAT(D19," ",B19)
... D90: =IFERROR(VLOOKUP(C90,listas!$A$2:$B$8,2,0),"") | E90: =_xlfn.CONCAT(D90," ",B90)
D91: =IFERROR(VLOOKUP(C91,listas!$A$2:$B$8,2,0),"")
D92: =IFERROR(VLOOKUP(C92,listas!$A$2:$B$8,2,0),"")
D93: =IFERROR(VLOOKUP(C93,listas!$A$2:$B$8,2,0),"")
D94: =IFERROR(VLOOKUP(C94,listas!$A$2:$B$8,2,0),"")
D95: =IFERROR(VLOOKUP(C95,listas!$A$2:$B$8,2,0),"")

Sheet Orden Paquetes
B1: PAQUETE
A2: 1- | B2: LT 01_LT_DP_ORGANIZER_TEXT_01 | C2: Exportado
A3: 2- | B3: DF 01_DF_DP_ORGANIZER_TEXT_01 | C3: Exportado
A4: 3- | B4: Folder Bienestar | C4: Exportado
A5: 4- | B5: GV 03_GV_DP_BIENESTAR_01 | C5: Exportado
A6: 5- | B6: AM 04_MA_DP_BIENESTAR_01 | C6: Exportado

Sheet listas
A1: TIPO OBJETO | B1: SIGLA OBJETOS
A2: TABLA LOCAL | B2: LT
A3: DATAFLOW | B3: DF
A4: CARPETA | B4: Folder
A5: GRAFICAL VIEW | B5: GV
A6: MODELO ANALITICO | B6: AM
A7: TABLA REMOTA | B7: RT
A8: SQL VIEW | B8: SV
