Workbook
Name TIPO_OBJETO: listas!$A$2:$A$8

Sheet Objetos
A1: ESTADO | B1: DESCRIPCION | C1: NOMBRE TECNICO | D1: TIPO OBJETO | E1: SIGLA TIPO OBJETO | F1: PAQUETE | G1: RUTA
A2: DESCARGADO | B2: Sistemas de Gestión Calidad | C2: Sistemas de Gestión Calidad | D2: CARPETA | E2: =IFERROR(VLOOKUP(D2,listas!$A$2:$B$8,2,0),"") -> Folder | F2: =_xlfn.CONCAT(E2," ",C2) -> Folder Sistemas de Gestión Calidad | G2: Bussines Inteligence/Tableros/Sistemas Gestion Calidad
A3: DESCARGADO | B3: Acciones Mejora | C3: Acciones Mejora | D3: CARPETA | E3: =IFERROR(VLOOKUP(D3,listas!$A$2:$B$8,2,0),"") -> Folder | F3: =_xlfn.CONCAT(E3," ",C3) -> Folder Acciones Mejora | G3: Bussines Inteligence/Tableros/Sistemas Gestion Calidad
A4: DESCARGADO | B4: Acciones Mejora Historico | C4: 01_LT_AWS_Acciones_Historico_01 | D4: TABLA LOCAL | E4: =IFERROR(VLOOKUP(D4,listas!$A$2:$B$8,2,0),"") -> LT | F4: =_xlfn.CONCAT(E4," ",C4) -> LT 01_LT_AWS_Acciones_Historico_01 | G4: Bussines Inteligence/Tableros/Sistemas Gestion Calidad/Acciones Mejora
A5: DESCARGADO | B5: Acciones Mejora Isolucion | C5: 01_LT_AWS_Acciones_Isolucion_01 | D5: TABLA LOCAL | E5: =IFERROR(VLOOKUP(D5,listas!$A$2:$B$8,2,0),"") -> LT | F5: =_xlfn.CONCAT(E5," ",C5) -> LT 01_LT_AWS_Acciones_Isolucion_01 | G5: Bussines Inteligence/Tableros/Sistemas Gestion Calidad/Acciones Mejora
A6: DESCARGADO | B6: Acciones Mejora Historico | C6: 02_DF_AWS_Acciones_Historico_01 | D6: DATAFLOW | E6: =IFERROR(VLOOKUP(D6,listas!$A$2:$B$8,2,0),"") -> DF | F6: =_xlfn.CONCAT(E6," ",C6) -> DF 02_DF_AWS_Acciones_Historico_01 | G6: Bussines Inteligence/Tableros/Sistemas Gestion Calidad/Acciones Mejora
A7: DESCARGADO | B7: Acciones Mejora Isolucion | C7: 02_DF_AWS_Acciones_Isolucion_01 | D7: DATAFLOW | E7: =IFERROR(VLOOKUP(D7,listas!$A$2:$B$8,2,0),"") -> DF | F7: =_xlfn.CONCAT(E7," ",C7) -> DF 02_DF_AWS_Acciones_Isolucion_01 | G7: Bussines Inteligence/Tableros/Sistemas Gestion Calidad/Acciones Mejora
A8: DESCARGADO | B8: Acciones Mejora | C8: 03_GV_DP_Acciones_Isolucion_01 | D8: GRAFICAL VIEW | E8: =IFERROR(VLOOKUP(D8,listas!$A$2:$B$8,2,0),"") -> GV | F8: =_xlfn.CONCAT(E8," ",C8) -> GV 03_GV_DP_Acciones_Isolucion_01 | G8: Bussines Inteligence/Tableros/Sistemas Gestion Calidad/Acciones Mejora
A9: DESCARGADO | B9: Acciones Mejora | C9: 04_MA_DP_Acciones_Isolucion_01 | D9: MODELO ANALITICO | E9: =IFERROR(VLOOKUP(D9,listas!$A$2:$B$8,2,0),"") -> AM | F9: =_xlfn.CONCAT(E9," ",C9) -> AM 04_MA_DP_Acciones_Isolucion_01 | G9: Bussines Inteligence/Tableros/Sistemas Gestion Calidad/Acciones Mejora
A10: DESCARGADO | B10: Emisiones Carbono | C10: Emisiones Carbono | D10: CARPETA | E10: =IFERROR(VLOOKUP(D10,listas!$A$2:$B$8,2,0),"") -> Folder | F10: =_xlfn.CONCAT(E10," ",C10) -> Folder Emisiones Carbono | G10: Bussines Inteligence/Tableros/Sistemas Gestion Calidad
A11: DESCARGADO | B11: Emisiones Carbono | C11: 01_LT_AWS_histórico__emisiones_01 | D11: TABLA LOCAL | E11: =IFERROR(VLOOKUP(D11,listas!$A$2:$B$8,2,0),"") -> LT | F11: =_xlfn.CONCAT(E11," ",C11) -> LT 01_LT_AWS_histórico__emisiones_01 | G11: Bussines Inteligence/Tableros/Sistemas Gestion Calidad/Emisiones Carbono
A12: DESCARGADO | B12: Emisiones Carbono | C12: 02_DF_AWS_histórico__emisiones_01 | D12: DATAFLOW | E12: =IFERROR(VLOOKUP(D12,listas!$A$2:$B$8,2,0),"") -> DF | F12: =_xlfn.CONCAT(E12," ",C12) -> DF 02_DF_AWS_histórico__emisiones_01 | G12: Bussines Inteligence/Tableros/Sistemas Gestion Calidad/Emisiones Carbono
A13: DESCARGADO | B13: Emisiones Carbono | C13: 03_AM_AWS_histórico__emisiones_01 | D13: MODELO ANALITICO | E13: =IFERROR(VLOOKUP(D13,listas!$A$2:$B$8,2,0),"") -> AM | F13: =_xlfn.CONCAT(E13," ",C13) -> AM 03_AM_AWS_histórico__emisiones_01 | G13: Bussines Inteligence/Tableros/Sistemas Gestion Calidad/Emisiones Carbono
... A18: DESCARGADO | B18: Matriz Riesgos | C18: 04_MA_DP_Matriz_Riesgos_01 | D18: MODELO ANALITICO | E18: =IFERROR(VLOOKUP(D18,listas!$A$2:$B$8,2,0),"") -> AM | F18: =_xlfn.CONCAT(E18," ",C18) -> AM 04_MA_DP_Matriz_Riesgos_01 | G18: Bussines Inteligence/Tableros/Sistemas Gestion Calidad/Matriz Riesgos
E19: =IFERROR(VLOOKUP(D19,listas!$A$2:$B$8,2,0),"") | F19: =_xlfn.CONCAT(E19," ",C19)
E20: =IFERROR(VLOOKUP(D20,listas!$A$2:$B$8,2,0),"") | F20: =_xlfn.CONCAT(E20," ",C20)
E21: =IFERROR(VLOOKUP(D21,listas!$A$2:$B$8,2,0),"") | F21: =_xlfn.CONCAT(E21," ",C21)
E22: =IFERROR(VLOOKUP(D22,listas!$A$2:$B$8,2,0),"") | F22: =_xlfn.CONCAT(E22," ",C22)
E23: =IFERROR(VLOOKUP(D23,listas!$A$2:$B$8,2,0),"") | F23: =_xlfn.CONCAT(E23," ",C23)
E24: =IFERROR(VLOOKUP(D24,listas!$A$2:$B$8,2,0),"") | F24: =_xlfn.CONCAT(E24," ",C24)
E25: =IFERROR(VLOOKUP(D25,listas!$A$2:$B$8,2,0),"") | F25: =_xlfn.CONCAT(E25," ",C25)
E26: =IFERROR(VLOOKUP(D26,listas!$A$2:$B$8,2,0),"") | F26: =_xlfn.CONCAT(E26," ",C26)
E27: =IFERROR(VLOOKUP(D27,listas!$A$2:$B$8,2,0),"") | F27: =_xlfn.CONCAT(E27," ",C27)
E28: =IFERROR(VLOOKUP(D28,listas!$A$2:$B$8,2,0),"") | F28: =_xlfn.CONCAT(E28," ",C28)
E29: =IFERROR(VLOOKUP(D29,listas!$A$2:$B$8,2,0),"") | F29: =_xlfn.CONCAT(E29," ",C29)
E30: =IFERROR(VLOOKUP(D30,listas!$A$2:$B$8,2,0),"") | F30: =_xlfn.CONCAT(E30," ",C30)
... E93: =IFERROR(VLOOKUP(D93,listas!$A$2:$B$8,2,0),"") | F93: =_xlfn.CONCAT(E93," ",C93)
E94: =IFERROR(VLOOKUP(D94,listas!$A$2:$B$8,2,0),"")
E95: =IFERROR(VLOOKUP(D95,listas!$A$2:$B$8,2,0),"")
E96: =IFERROR(VLOOKUP(D96,listas!$A$2:$B$8,2,0),"")
E97: =IFERROR(VLOOKUP(D97,listas!$A$2:$B$8,2,0),"")
E98: =IFERROR(VLOOKUP(D98,listas!$A$2:$B$8,2,0),"")

Sheet Orden Paquetes
B1: PAQUETE
A2: 1- | B2: LT 01_LT_DP_ORGANIZER_TEXT_01 | C2: Exportado
A3: 2- | B3: DF 01_DF_DP_ORGANIZER_TEXT_01 | C3: Exportado
A4: 3- | B4: Folder Bienestar | C4: Exportado
A5: 4- | B5: GV 03_GV_DP_BIENESTAR_01 | C5: Exportado
A6: 5- | B6: AM 04_MA_DP_BIENESTAR_01 | C6: Exportado

Sheet listas
A1: TIPO OBJETO | B1: SIGLA OBJETOS
A2: TABLA LOCAL | B2: LT
A3: DATAFLOW | B3: DF
A4: CARPETA | B4: Folder
A5: GRAFICAL VIEW | B5: GV
A6: MODELO ANALITICO | B6: AM
A7: TABLA REMOTA | B7: RT
A8: SQL VIEW | B8: SV
